Test_Index,Case_ID,Prefix_Len,True_Remaining_h,Pred_Remaining_h,True_Class,Pred_Class,Feature,F1_Attribution,F2_Attribution
41,IM0042279,1,2.339444398880005,19.748788833618164,0,0,prefix_len,-0.011715224012732506,-0.001799594727344811
41,IM0042279,1,2.339444398880005,19.748788833618164,0,0,elapsed_h,-0.02297896519303322,0.044297728687524796
41,IM0042279,1,2.339444398880005,19.748788833618164,0,0,time_since_prev_h,-0.00011363729572622105,0.016224265098571777
41,IM0042279,1,2.339444398880005,19.748788833618164,0,0,dow_sin,0.042087238281965256,-0.011963176541030407
41,IM0042279,1,2.339444398880005,19.748788833618164,0,0,dow_cos,-0.042523354291915894,-0.01244762446731329
41,IM0042279,1,2.339444398880005,19.748788833618164,0,0,n_distinct_acts_so_far,-0.020713483914732933,0.005238331854343414
41,IM0042279,1,2.339444398880005,19.748788833618164,0,0,gap_max_so_far,-0.009544908069074154,0.02664414793252945
41,IM0042279,1,2.339444398880005,19.748788833618164,0,0,pace_ratio,0.030079124495387077,0.013716744258999825
41,IM0042279,1,2.339444398880005,19.748788833618164,0,0,events_per_hour,-0.0649004802107811,0.036165859550237656
41,IM0042279,1,2.339444398880005,19.748788833618164,0,0,activity_diversity,-0.006974898278713226,0.005984202492982149
41,IM0042279,1,2.339444398880005,19.748788833618164,0,0,gap_cv,-0.02700231410562992,0.014696845784783363
195,IM0042294,7,18.413610458374023,25.99826431274414,0,1,prefix_len,-0.000560324639081955,-0.004666566848754883
195,IM0042294,7,18.413610458374023,25.99826431274414,0,1,elapsed_h,-0.05220765247941017,0.0035258957650512457
195,IM0042294,7,18.413610458374023,25.99826431274414,0,1,time_since_prev_h,-0.06502290815114975,0.03517237305641174
195,IM0042294,7,18.413610458374023,25.99826431274414,0,1,dow_sin,0.03381062671542168,0.016451912000775337
195,IM0042294,7,18.413610458374023,25.99826431274414,0,1,dow_cos,-0.0636960119009018,0.07952634245157242
195,IM0042294,7,18.413610458374023,25.99826431274414,0,1,n_distinct_acts_so_far,-0.0006504557095468044,-0.0032140607945621014
195,IM0042294,7,18.413610458374023,25.99826431274414,0,1,gap_max_so_far,-0.03694698214530945,0.022694602608680725
195,IM0042294,7,18.413610458374023,25.99826431274414,0,1,pace_ratio,-0.01395171508193016,-0.004569070413708687
195,IM0042294,7,18.413610458374023,25.99826431274414,0,1,events_per_hour,-0.17930196225643158,-0.0775214359164238
195,IM0042294,7,18.413610458374023,25.99826431274414,0,1,activity_diversity,-0.00966244749724865,-0.0011719161411747336
195,IM0042294,7,18.413610458374023,25.99826431274414,0,1,gap_cv,-0.07364477217197418,-0.022578353062272072
1,IM0042277,2,75.04138946533203,37.1452522277832,1,1,prefix_len,0.009612346068024635,-0.002091743517667055
1,IM0042277,2,75.04138946533203,37.1452522277832,1,1,elapsed_h,-0.044738925993442535,0.006604655645787716
1,IM0042277,2,75.04138946533203,37.1452522277832,1,1,time_since_prev_h,-0.038576506078243256,-0.016724998131394386
1,IM0042277,2,75.04138946533203,37.1452522277832,1,1,dow_sin,0.03649741783738136,-0.0005839914083480835
1,IM0042277,2,75.04138946533203,37.1452522277832,1,1,dow_cos,-0.09752443432807922,0.04674052447080612
1,IM0042277,2,75.04138946533203,37.1452522277832,1,1,n_distinct_acts_so_far,-0.07264045625925064,-0.005133395548909903
1,IM0042277,2,75.04138946533203,37.1452522277832,1,1,gap_max_so_far,-0.03529107943177223,0.001778954640030861
1,IM0042277,2,75.04138946533203,37.1452522277832,1,1,pace_ratio,0.02367698773741722,-0.0004683714359998703
1,IM0042277,2,75.04138946533203,37.1452522277832,1,1,events_per_hour,0.023667624220252037,-0.0031221285462379456
1,IM0042277,2,75.04138946533203,37.1452522277832,1,1,activity_diversity,0.050334908068180084,-0.002993685659021139
1,IM0042277,2,75.04138946533203,37.1452522277832,1,1,gap_cv,-0.01095513068139553,-0.006257898639887571
0,IM0042277,1,75.94361114501953,19.748788833618164,1,0,prefix_len,-0.011715224012732506,-0.001799594727344811
0,IM0042277,1,75.94361114501953,19.748788833618164,1,0,elapsed_h,-0.02297896519303322,0.044297728687524796
0,IM0042277,1,75.94361114501953,19.748788833618164,1,0,time_since_prev_h,-0.00011363729572622105,0.016224265098571777
0,IM0042277,1,75.94361114501953,19.748788833618164,1,0,dow_sin,0.042087238281965256,-0.011963176541030407
0,IM0042277,1,75.94361114501953,19.748788833618164,1,0,dow_cos,-0.042523354291915894,-0.01244762446731329
0,IM0042277,1,75.94361114501953,19.748788833618164,1,0,n_distinct_acts_so_far,-0.020713483914732933,0.005238331854343414
0,IM0042277,1,75.94361114501953,19.748788833618164,1,0,gap_max_so_far,-0.009544908069074154,0.02664414793252945
0,IM0042277,1,75.94361114501953,19.748788833618164,1,0,pace_ratio,0.030079124495387077,0.013716744258999825
0,IM0042277,1,75.94361114501953,19.748788833618164,1,0,events_per_hour,-0.0649004802107811,0.036165859550237656
0,IM0042277,1,75.94361114501953,19.748788833618164,1,0,activity_diversity,-0.006974898278713226,0.005984202492982149
0,IM0042277,1,75.94361114501953,19.748788833618164,1,0,gap_cv,-0.02700231410562992,0.014696845784783363
58,IM0042280,14,92.18638610839844,54.134342193603516,2,2,prefix_len,0.008015673607587814,-0.00958787091076374
58,IM0042280,14,92.18638610839844,54.134342193603516,2,2,elapsed_h,-0.028002407401800156,0.0787903219461441
58,IM0042280,14,92.18638610839844,54.134342193603516,2,2,time_since_prev_h,-0.01943989284336567,0.15582500398159027
58,IM0042280,14,92.18638610839844,54.134342193603516,2,2,dow_sin,-0.011718016117811203,-0.0450373999774456
58,IM0042280,14,92.18638610839844,54.134342193603516,2,2,dow_cos,0.0831330418586731,-0.006966385990381241
58,IM0042280,14,92.18638610839844,54.134342193603516,2,2,n_distinct_acts_so_far,0.030591925606131554,-0.006804840639233589
58,IM0042280,14,92.18638610839844,54.134342193603516,2,2,gap_max_so_far,-0.017003413289785385,0.025742851197719574
58,IM0042280,14,92.18638610839844,54.134342193603516,2,2,pace_ratio,0.04998226463794708,0.013201136142015457
58,IM0042280,14,92.18638610839844,54.134342193603516,2,2,events_per_hour,0.0026241615414619446,-0.029338987544178963
58,IM0042280,14,92.18638610839844,54.134342193603516,2,2,activity_diversity,-0.0027915537357330322,-0.00945478118956089
58,IM0042280,14,92.18638610839844,54.134342193603516,2,2,gap_cv,0.028623392805457115,0.04016522690653801
45,IM0042280,1,166.26611328125,19.748788833618164,2,0,prefix_len,-0.011715224012732506,-0.001799594727344811
45,IM0042280,1,166.26611328125,19.748788833618164,2,0,elapsed_h,-0.02297896519303322,0.044297728687524796
45,IM0042280,1,166.26611328125,19.748788833618164,2,0,time_since_prev_h,-0.00011363729572622105,0.016224265098571777
45,IM0042280,1,166.26611328125,19.748788833618164,2,0,dow_sin,0.042087238281965256,-0.011963176541030407
45,IM0042280,1,166.26611328125,19.748788833618164,2,0,dow_cos,-0.042523354291915894,-0.01244762446731329
45,IM0042280,1,166.26611328125,19.748788833618164,2,0,n_distinct_acts_so_far,-0.020713483914732933,0.005238331854343414
45,IM0042280,1,166.26611328125,19.748788833618164,2,0,gap_max_so_far,-0.009544908069074154,0.02664414793252945
45,IM0042280,1,166.26611328125,19.748788833618164,2,0,pace_ratio,0.030079124495387077,0.013716744258999825
45,IM0042280,1,166.26611328125,19.748788833618164,2,0,events_per_hour,-0.0649004802107811,0.036165859550237656
45,IM0042280,1,166.26611328125,19.748788833618164,2,0,activity_diversity,-0.006974898278713226,0.005984202492982149
45,IM0042280,1,166.26611328125,19.748788833618164,2,0,gap_cv,-0.02700231410562992,0.014696845784783363
